Age,Occupation,Annual_Income,Num_Bank_Accounts,Num_Credit_Card,Num_of_Loan,Type_of_Loan,Credit_Mix,Outstanding_Debt,Credit_Utilization_Ratio,Payment_of_Min_Amount,Monthly_Balance
36.171812451111215,MediaManager,194373.32785423653,4.432899793083062,4.637877258967067,1.0,Not Specified,Good,757.5407109322603,33.07115932815135,No,-2.989536621823617e+22
36.171812451111215,MediaManager,194373.32785423653,4.432899793083062,4.637877258967067,1.0,Not Specified,Good,757.5407109322603,33.07115932815135,No,-2.989536621823617e+22
36.171812451111215,MediaManager,194373.32785423653,4.432899793083062,4.637877258967067,1.0,Not Specified,Good,757.5407109322603,33.07115932815135,No,-2.989536621823617e+22
36.171812451111215,MediaManager,194373.32785423653,4.432899793083062,4.637877258967067,1.0,Not Specified,Good,757.5407109322603,33.07115932815135,No,-2.989536621823617e+22
36.171812451111215,MediaManager,194373.32785423653,4.432899793083062,4.637877258967067,1.0,Not Specified,Good,757.5407109322603,33.07115932815135,No,-2.989536621823617e+22
